{
  "kolmogorov": {
    "k_values": [
      1,
      2,
      3,
      4,
      5,
      6,
      7,
      8,
      9,
      10,
      11,
      12,
      13,
      14,
      15,
      16
    ],
    "E_kolmogorov": [
      1.0,
      0.3149802624737183,
      0.1602499522563787,
      0.09921256574801246,
      0.06839903786706787,
      0.050475572023114985,
      0.03903941189331406,
      0.031249999999999997,
      0.02568004719817165,
      0.021544346900318832,
      0.018380000748506736,
      0.015898808924351828,
      0.013913223004264834,
      0.01229664420497566,
      0.010960942552579865,
      0.009843133202303695
    ],
    "binary_k": [
      1,
      2,
      4,
      8,
      16
    ],
    "E_binary": [
      1.0,
      0.3149802624737183,
      0.09921256574801246,
      0.031249999999999997,
      0.009843133202303695
    ],
    "P_binary_empirical": [
      0.6871501728921197,
      0.21643874181642078,
      0.06817393170681756,
      0.02147344290287874,
      0.006763710681763148
    ],
    "P_binary_theory": [
      0.5161290322580645,
      0.25806451612903225,
      0.12903225806451613,
      0.06451612903225806,
      0.03225806451612903
    ],
    "chi_squared": 0.1409518852693715,
    "dof": 4,
    "E_total": 1.8921239489970794
  },
  "snr": {
    "k_levels": 10,
    "snr_db": [
      16.9608002992262,
      11.943277551826677,
      6.9268878042442905,
      1.9091568559695962,
      -3.1077035612277903,
      -8.124870277391821,
      -13.142525443055789,
      -18.159320314015748,
      -23.176663371697256,
      -28.193326179884753
    ],
    "P_k_snr": [
      0.6850342240043101,
      0.21575456551434552,
      0.06797058686710247,
      0.021406611380180404,
      0.0067431354448612545,
      0.0021239545127683308,
      0.0006689284927700787,
      0.00021071730727500885,
      6.636909597791213e-05,
      2.0907380408939936e-05
    ],
    "P_k_theory": [
      0.5004887585532747,
      0.25024437927663734,
      0.12512218963831867,
      0.06256109481915934,
      0.03128054740957967,
      0.015640273704789834,
      0.007820136852394917,
      0.0039100684261974585,
      0.0019550342130987292,
      0.0009775171065493646
    ],
    "chi_squared": 0.1697074878337618,
    "total_snr_db": 18.603324588381117,
    "noise_level": 0.1
  },
  "ornstein_uhlenbeck": {
    "theta": 1.0,
    "sigma": 0.5,
    "n_steps": 10000,
    "dt": 0.01,
    "autocorr": [
      1.0,
      0.9899548940313597,
      0.98028049661778,
      0.9710191543857953,
      0.9618790880208213,
      0.9529961226886389,
      0.9442009241688856,
      0.9357100287429743,
      0.927078425274402,
      0.9187585407429006,
      0.9105058601426792,
      0.9025066952097405,
      0.8944144416755625,
      0.8863550812897278,
      0.8786454320448331,
      0.8706964346576258,
      0.8627296520519467,
      0.8549424729775875,
      0.8473415558212677,
      0.8395687210693025,
      0.8323833817306561,
      0.8250648245936717,
      0.8178588746248051,
      0.8106296316113931,
      0.8033455524992362,
      0.7960836058524183,
      0.7887070563866548,
      0.7810515522388343,
      0.7733228783464283,
      0.7657769016204937,
      0.7580392956197057,
      0.7504325797005135,
      0.7428287006182022,
      0.7349633968316878,
      0.727298699072884,
      0.7199159681720214,
      0.7127347669487731,
      0.7054882734164749,
      0.698176978751025,
      0.6909709464285346,
      0.6836500154632967,
      0.6760999823376997,
      0.6682885754865031,
      0.6602489891506246,
      0.6526028415762058,
      0.6451342622315422,
      0.6380303583923466,
      0.6308287129412122,
      0.6236875456736176,
      0.6166847517420828,
      0.6096468568214656,
      0.6028824043888422,
      0.595957469776789,
      0.5890272606848101,
      0.5823847254505566,
      0.5762929848720444,
      0.5701669771853215,
      0.5642742900860527,
      0.5583363234760443,
      0.5525145826327924,
      0.5470981004201512,
      0.5413264641886313,
      0.5355048875213017,
      0.5296341124652736,
      0.5238261198043291,
      0.5179029577834182,
      0.5121121870685542,
      0.5063469629721925,
      0.5003144373724525,
      0.4940970710888174,
      0.488108670150478,
      0.48207109445796886,
      0.47589887309324436,
      0.46984407512216225,
      0.4638482800599901,
      0.45775675337838434,
      0.4519412002568656,
      0.4465743811191478,
      0.44164828839722314,
      0.4364443051260667,
      0.4314715482369179,
      0.42657313247423356,
      0.42175159820279656,
      0.4171923170152182,
      0.41246093963484887,
      0.40719442657245203,
      0.40231407045457995,
      0.39751087493061843,
      0.3922786510666059,
      0.38721582916995506,
      0.3823701426166058,
      0.3775397210278807,
      0.372746779076036,
      0.36826734178085374,
      0.36394264549617905,
      0.35959206945689404,
      0.35569981839764986,
      0.3520908383616836,
      0.3485093899062372,
      0.3448288997632933
    ],
    "expected_autocorr": [
      1.0,
      0.9900498337491681,
      0.9801986733067553,
      0.9704455335485082,
      0.9607894391523232,
      0.951229424500714,
      0.9417645335842487,
      0.9323938199059483,
      0.9231163463866358,
      0.9139311852712282,
      0.9048374180359595,
      0.8958341352965282,
      0.8869204367171575,
      0.8780954309205613,
      0.8693582353988059,
      0.8607079764250578,
      0.8521437889662113,
      0.8436648165963837,
      0.835270211411272,
      0.8269591339433623,
      0.8187307530779818,
      0.8105842459701871,
      0.8025187979624785,
      0.794533602503334,
      0.7866278610665535,
      0.7788007830714049,
      0.7710515858035663,
      0.7633794943368531,
      0.7557837414557255,
      0.7482635675785653,
      0.7408182206817179,
      0.7334469562242892,
      0.7261490370736909,
      0.7189237334319262,
      0.7117703227626097,
      0.7046880897187134,
      0.697676326071031,
      0.6907343306373547,
      0.6838614092123558,
      0.6770568744981647,
      0.6703200460356393,
      0.6636502501363194,
      0.6570468198150567,
      0.6505090947233165,
      0.6440364210831414,
      0.6376281516217733,
      0.631283645506926,
      0.6250022682827008,
      0.6187833918061408,
      0.6126263941844161,
      0.6065306597126334,
      0.6004955788122659,
      0.5945205479701944,
      0.5886049696783552,
      0.5827482523739896,
      0.5769498103804866,
      0.5712090638488149,
      0.5655254386995371,
      0.559898366565402,
      0.5543272847345071,
      0.5488116360940264,
      0.5433508690744998,
      0.5379444375946745,
      0.5325918010068972,
      0.5272924240430485,
      0.522045776761016,
      0.5168513344916992,
      0.5117085777865424,
      0.5066169923655895,
      0.5015760690660555,
      0.49658530379140947,
      0.4916441974609651,
      0.4867522559599717,
      0.48190899009020244,
      0.4771139155210344,
      0.4723665527410147,
      0.46766642700990924,
      0.46301306831122807,
      0.4584060113052235,
      0.45384479528235583,
      0.44932896411722156,
      0.4448580662229411,
      0.44043165450599925,
      0.43604928632153556,
      0.43171052342907973,
      0.4274149319487267,
      0.4231620823177488,
      0.418951549247639,
      0.4147829116815814,
      0.4106557527523455,
      0.4065696597405991,
      0.40252422403363597,
      0.39851904108451414,
      0.3945537103716011,
      0.3906278353585211,
      0.3867410234545012,
      0.38289288597511206,
      0.37908303810339883,
      0.37531109885139957,
      0.3715766910220457
    ],