{
  "mode": "quick",
  "seed": 42,
  "timestamp": "2025-11-03 19:07:42",
  "pysat_available": false,
  "np_distribution": {
    "observed": {
      "8": 0.10256410256410256,
      "9": 0.2564102564102564,
      "10": 0.07692307692307693,
      "7": 0.1794871794871795,
      "5": 0.10256410256410256,
      "6": 0.15384615384615385,
      "4": 0.07692307692307693,
      "2": 0.02564102564102564,
      "12": 0.02564102564102564
    },
    "theoretical": {
      "0": 0.5000038147263697,
      "1": 0.25000190736318484,
      "2": 0.12500095368159242,
      "3": 0.06250047684079621,
      "4": 0.031250238420398105,
      "5": 0.015625119210199052,
      "6": 0.007812559605099526,
      "7": 0.003906279802549763,
      "8": 0.0019531399012748816,
      "9": 0.0009765699506374408,
      "10": 0.0004882849753187204,
      "11": 0.0002441424876593602,
      "12": 0.0001220712438296801,
      "13": 6.103562191484005e-05,
      "14": 3.0517810957420024e-05,
      "15": 1.5258905478710012e-05,
      "16": 7.629452739355006e-06
    }
  }
}