{
  "observed_data": {
    "t": [
      100,
      500,
      1000
    ],
    "accuracy": [
      91.66,
      92.37,
      94.95
    ]
  },
  "models": {
    "logarithmic": {
      "formula": "Acc(t) = 85.5781 + 1.2549 * ln(t)",
      "r_squared": 0.7330860682282769,
      "params": {
        "a": 85.57811912507734,
        "b": 1.2548639412491673
      }
    },
    "loglog": {
      "formula": "100 - Acc = 20.9558 * t^-0.1892",
      "r_squared": 0.697413517004705,
      "params": {
        "intercept": 3.04241320121073,
        "slope": -0.1892367196306089
      }
    }
  },
  "predictions": {
    "95%": {
      "loglog_model": 1943.7911077129918
    },
    "98%": {
      "loglog_model": 246330.66033685207
    },
    "99%": {
      "loglog_model": 9600135.646317167
    },
    "99.5%": {
      "loglog_model": 374141831.5594951
    },
    "100%": {
      "loglog_model": Infinity
    }
  }
}