{
  "configurations": [
    {
      "name": "Config 1: OU puro (\u03b8=1, sem ru\u00eddo)",
      "params": {
        "theta": 1.0,
        "mu": 1.0,
        "sigma_ou": 0.5,
        "sigma_noise": 0.0
      },
      "accuracy_riemann": 93.68214949516893,
      "accuracy_twin": 97.50107267404464,
      "chi2_riemann": 0.6317850504831066,
      "chi2_twin": 0.24989273259553707,
      "distribution": {
        "-7": 0.0021,
        "-6": 0.0004,
        "-5": 0.0017,
        "-4": 0.0041,
        "-3": 0.0135,
        "-2": 0.0656,
        "-1": 0.407,
        "0": 0.5054,
        "1": 0.0002
      }
    },
    {
      "name": "Config 2: OU + Gaussiano (par\u00e2metros naturais)",
      "params": {
        "theta": 1.0,
        "mu": 1.0,
        "sigma_ou": 0.5,
        "sigma_noise": 0.5
      },
      "accuracy_riemann": 91.66101571721593,
      "accuracy_twin": 97.63162938752119,
      "chi2_riemann": 0.833898428278407,
      "chi2_twin": 0.23683706124788076,
      "distribution": {
        "-7": 0.0044,
        "-6": 0.0015,
        "-5": 0.0039,
        "-4": 0.0121,
        "-3": 0.0306,
        "-2": 0.0826,
        "-1": 0.3596,
        "0": 0.4985,
        "1": 0.0068
      }
    },
    {
      "name": "Config 3: OU + Gaussiano (mais ru\u00eddo)",
      "params": {
        "theta": 1.0,
        "mu": 1.0,
        "sigma_ou": 0.3,
        "sigma_noise": 1.0
      },
      "accuracy_riemann": 90.03122741221185,
      "accuracy_twin": 98.11137356349775,
      "chi2_riemann": 0.9968772587788155,
      "chi2_twin": 0.18886264365022454,
      "distribution": {
        "-7": 0.0166,
        "-6": 0.0021,
        "-5": 0.0073,
        "-4": 0.0164,
        "-3": 0.0306,
        "-2": 0.1132,
        "-1": 0.3257,
        "0": 0.4526,
        "1": 0.0355
      }
    },
    {
      "name": "Config 4: OU fraco + muito ru\u00eddo",
      "params": {
        "theta": 0.5,
        "mu": 1.0,
        "sigma_ou": 0.2,
        "sigma_noise": 2.0
      },
      "accuracy_riemann": 84.84950905685042,
      "accuracy_twin": 98.51944590724774,
      "chi2_riemann": 1.5150490943149577,
      "chi2_twin": 0.14805540927522454,
      "distribution": {
        "-8": 0.0279,
        "-7": 0.0019,
        "-6": 0.005,
        "-5": 0.0125,
        "-4": 0.0267,
        "-3": 0.0512,
        "-2": 0.1192,
        "-1": 0.2925,
        "0": 0.3882,
        "1": 0.0749
      }
    }
  ],
  "references": {
    "riemann": {
      "2": 0.008008008008008008,
      "1": 0.19019019019019018,
      "0": 0.5955955955955956,
      "-1": 0.1841841841841842,
      "-2": 0.01901901901901902,
      "-3": 0.003003003003003003
    },
    "twin_primes": {
      "0": 0.5004887585532747,
      "1": 0.25024437927663734,
      "2": 0.12512218963831867,
      "3": 0.06256109481915934,
      "4": 0.03128054740957967,
      "5": 0.015640273704789834,
      "6": 0.007820136852394917,
      "7": 0.0039100684261974585,
      "8": 0.0019550342130987292
    }
  }
}