{
  "parameters": {
    "theta": 0.2,
    "mu": 1.4066944502545156,
    "sigma_ou": 0.13131800002619193,
    "n_trials": 100,
    "n_steps": 1000,
    "dt": 0.01,
    "snr_formula": "0.05 \u00d7 \u221at"
  },
  "results": {
    "final_accuracy": 73.69999365938983,
    "accuracy_at_t50": 91.28944277899834,
    "post_t50_mean": 76.90588134053964,
    "post_t50_std": 13.709197698659663,
    "final_chi2": 2.6300006340610156
  },
  "convergence_data": {
    "t_values": [
      1,
      2,
      3,
      4,
      5,
      6,
      7,
      8,
      9,
      10,
      11,
      12,
      13,
      14,
      15,
      16,
      17,
      18,
      19,
      20,
      21,
      22,
      23,
      24,
      25,
      26,
      27,
      28,
      29,
      30,
      31,
      32,
      33,
      34,
      35,
      36,
      37,
      38,
      39,
      40,
      41,
      42,
      43,
      44,
      45,
      46,
      47,
      48,
      49,
      50,
      51,
      52,
      53,
      54,
      55,
      56,
      57,
      58,
      59,
      60,
      61,
      62,
      63,
      64,
      65,
      66,
      67,
      68,
      69,
      70,
      71,
      72,
      73,
      74,
      75,
      76,
      77,
      78,
      79,
      80,
      81,
      82,
      83,
      84,
      85,
      86,
      87,
      88,
      89,
      90,
      91,
      92,
      93,
      94,
      95,
      96,
      97,
      98,
      99,
      100
    ],
    "snr_values": [
      0.05,
      0.07071067811865477,
      0.08660254037844387,
      0.1,
      0.1118033988749895,
      0.1224744871391589,
      0.13228756555322954,
      0.14142135623730953,
      0.15000000000000002,
      0.158113883008419,
      0.16583123951777,
      0.17320508075688773,
      0.18027756377319948,
      0.18708286933869708,
      0.19364916731037085,
      0.2,
      0.20615528128088303,
      0.21213203435596426,
      0.21794494717703372,
      0.223606797749979,
      0.229128784747792,
      0.2345207879911715,
      0.23979157616563596,
      0.2449489742783178,
      0.25,
      0.25495097567963926,
      0.2598076211353316,
      0.2645751311064591,
      0.2692582403567252,
      0.2738612787525831,
      0.2783882181415011,
      0.28284271247461906,
      0.2872281323269014,
      0.29154759474226505,
      0.2958039891549808,
      0.30000000000000004,
      0.304138126514911,
      0.3082207001484488,
      0.3122498999199199,
      0.316227766016838,
      0.32015621187164245,
      0.32403703492039304,
      0.32787192621510003,
      0.33166247903554,
      0.3354101966249685,
      0.3391164991562634,
      0.3427827300200522,
      0.34641016151377546,
      0.35000000000000003,
      0.3535533905932738,
      0.35707142142714254,
      0.36055512754639896,
      0.3640054944640259,
      0.3674234614174767,
      0.37080992435478316,
      0.37416573867739417,
      0.3774917217635375,
      0.38078865529319544,
      0.3840572873934304,
      0.3872983346207417,
      0.3905124837953327,
      0.39370039370059057,
      0.39686269665968865,
      0.4,
      0.40311288741492746,
      0.4062019202317981,
      0.40926763859362253,
      0.41231056256176607,
      0.4153311931459038,
      0.4183300132670378,
      0.42130748865881795,
      0.4242640687119285,
      0.42720018726587655,
      0.4301162633521314,
      0.4330127018922194,
      0.43588989435406744,
      0.4387482193696062,
      0.4415880433163924,
      0.44440972086577946,
      0.447213595499958,
      0.45,
      0.45276925690687087,
      0.45552167895721496,
      0.458257569495584,
      0.4609772228646444,
      0.46368092477478523,
      0.4663689526544408,
      0.469041575982343,
      0.4716990566028302,
      0.47434164902525694,
      0.47696960070847283,
      0.4795831523312719,
      0.4821825380496478,
      0.48476798574163293,
      0.48733971724044817,
      0.4898979485566356,
      0.49244289008980524,
      0.4949747468305833,
      0.49749371855331,
      0.5
    ],
    "accuracy_values": [
      92.37816965640924,
      78.94821441953349,
      77.69659896479048,
      73.57213921454532,
      65.89387598269812,
      85.04221568022999,
      63.96672832276985,
      71.34322587443513,
      77.43218453045017,
      71.14591125852836,
      90.76297218908525,
      86.08484840176529,
      73.83844652776283,
      91.81315952714748,
      73.27957525477376,
      54.746108602696,
      90.91110693195105,
      68.56609661271466,
      62.87345993521528,
      79.36835699790878,
      74.60376274205815,
      68.06011327637347,
      91.27840304902122,
      43.62112934681173,
      87.22289658431245,
      73.0938140512134,
      57.00926284289368,
      65.03274754214661,
      82.90453700444205,
      83.14236501881142,
      77.67801856476069,
      90.85869027991174,
      81.77338092231217,
      51.67327277060938,
      58.615733366901914,
      82.51856275822549,
      76.97521099817799,
      79.23036805315078,
      82.90223712922331,
      58.476941655063165,
      74.72218736272907,
      87.89341605053555,
      63.33951366763456,
      66.05685254539162,
      92.10524531642886,
      83.99925737309385,
      87.89088339513104,
      80.47089910169124,
      70.92725269788762,
      91.28944277899834,
      91.03256484245621,
      90.73564900575448,
      69.814550379156,
      75.6010883044632,
      83.6562362017576,
      61.46847533448071,
      70.82910829096879,
      74.3745994884526,
      82.48337180829952,
      90.31842311165221,
      88.05135366848548,
      68.82827496750669,
      52.162716158490866,
      69.79063285037401,
      70.18105713224718,
      85.72848870052209,
      67.21840268376825,
      54.498304385977725,
      60.78725519862797,
      70.05343885508528,
      78.21982630215565,
      82.49001458224045,
      69.78487698502009,
      87.8294217770369,
      88.20976466121667,
      90.97017191743265,
      78.48953442509085,
      85.50662128529123,
      83.41298156008308,
      92.04078810384017,
      95.40861715485646,
      92.73729976537892,
      43.90330617818685,
      77.57330269104187,
      86.2019875414928,
      78.76915774569255,
      89.6065196517172,
      84.0273411277234,
      76.48643078108957,
      78.63186948330384,
      71.31336203455571,
      88.31440889099187,
      80.82318710251812,
      61.47141516147626,
      27.575552613565545,
      67.89112186560871,
      59.50881289883756,
      92.55227275642271,
      89.84655351673942,
      73.69999365938983
    ],