{
  "alpha_EM": {
    "alpha_EM": 137.035999084,
    "binary_decomposition": [
      0,
      3,
      7
    ],
    "amplitude": 0.25928149370680903,
    "k_resonance": 7
  },
  "mass_gap": {
    "mass_gap": 1000.0,
    "energy_levels": {
      "1": 500.0,
      "2": 250.0,
      "3": 125.0,
      "4": 62.5,
      "5": 31.25,
      "6": 15.625,
      "7": 7.8125,
      "8": 3.90625,
      "9": 1.953125,
      "10": 0.9765625
    }
  },
  "gauge_couplings": {
    "\u03b1_EM (QED)": {
      "alpha": 0.0072973525692838015,
      "log2_inv": 7.09841112586318,
      "k_equiv": 7,
      "P_k": 0.015476207156505002
    },
    "\u03b1_s (QCD @ MZ)": {
      "alpha": 0.1181,
      "log2_inv": 3.081919130152292,
      "k_equiv": 3,
      "P_k": 0.24380528655030403
    },
    "\u03b1_W (weak)": {
      "alpha": 0.034482758620689655,
      "log2_inv": 4.857980995127572,
      "k_equiv": 5,
      "P_k": 0.06195080293496122
    }
  },
  "quantum_info": {
    "entropy": 1.988295165132749,
    "entropy_theory": 1.999959945678711,
    "bell_parameter": 0.07214803439339176
  }
}